variant	sample	allele	key	value
Insertion::5:3,089,593-3,089,619;len=1	HG002_hs37d5_2x250	alt	count	21
Insertion::5:3,089,593-3,089,619;len=1	HG002_hs37d5_2x250	ref	count	37
Insertion::5:3,089,593-3,089,619;len=1	HG002_hs37d5_2x250	amb	count	152
Insertion::5:3,089,593-3,089,619;len=1	HG002_hs37d5_2x250	alt	reason_alignmentScore	21
Insertion::5:3,089,593-3,089,619;len=1	HG002_hs37d5_2x250	ref	reason_alignmentScore	37
Insertion::5:3,089,593-3,089,619;len=1	HG002_hs37d5_2x250	amb	reason_multimapping	6
Insertion::5:3,089,593-3,089,619;len=1	HG002_hs37d5_2x250	amb	reason_alignmentScore_alignmentScore	39
Insertion::5:3,089,593-3,089,619;len=1	HG002_hs37d5_2x250	amb	reason_orientation_orientation	3
Insertion::5:3,089,593-3,089,619;len=1	HG002_hs37d5_2x250	amb	reason_flanking	101
Insertion::5:3,089,593-3,089,619;len=1	HG002_hs37d5_2x250	amb	reason_same_scores	3
Insertion::5:3,089,593-3,089,619;len=1	HG002_hs37d5_2x250	alt	alnScore_mean	977.333333333
Insertion::5:3,089,593-3,089,619;len=1	HG002_hs37d5_2x250	alt	alnScore_std	12.5559067236
Insertion::5:3,089,593-3,089,619;len=1	HG002_hs37d5_2x250	ref	alnScore_mean	992.945945946
Insertion::5:3,089,593-3,089,619;len=1	HG002_hs37d5_2x250	ref	alnScore_std	9.74525787921
Insertion::5:3,089,593-3,089,619;len=1	HG002_hs37d5_2x250	amb	alnScore_mean	889.375
Insertion::5:3,089,593-3,089,619;len=1	HG002_hs37d5_2x250	amb	alnScore_std	148.19922635
Insertion::5:3,089,593-3,089,619;len=1	HG002_hs37d5_2x250	alt	insertSize_mean	411.952380952
Insertion::5:3,089,593-3,089,619;len=1	HG002_hs37d5_2x250	alt	insertSize_std	89.0310144947
Insertion::5:3,089,593-3,089,619;len=1	HG002_hs37d5_2x250	ref	insertSize_mean	417.864864865
Insertion::5:3,089,593-3,089,619;len=1	HG002_hs37d5_2x250	ref	insertSize_std	57.3095728819
Insertion::5:3,089,593-3,089,619;len=1	HG002_hs37d5_2x250	amb	insertSize_mean	405.565789474
Insertion::5:3,089,593-3,089,619;len=1	HG002_hs37d5_2x250	amb	insertSize_std	167.154264987
Insertion::5:3,089,593-3,089,619;len=1	HG003_hs37d5_2x250	alt	count	12
Insertion::5:3,089,593-3,089,619;len=1	HG003_hs37d5_2x250	ref	count	23
Insertion::5:3,089,593-3,089,619;len=1	HG003_hs37d5_2x250	amb	count	130
Insertion::5:3,089,593-3,089,619;len=1	HG003_hs37d5_2x250	alt	reason_alignmentScore	12
Insertion::5:3,089,593-3,089,619;len=1	HG003_hs37d5_2x250	ref	reason_alignmentScore	23
Insertion::5:3,089,593-3,089,619;len=1	HG003_hs37d5_2x250	amb	reason_multimapping	4
Insertion::5:3,089,593-3,089,619;len=1	HG003_hs37d5_2x250	amb	reason_alignmentScore_alignmentScore	30
Insertion::5:3,089,593-3,089,619;len=1	HG003_hs37d5_2x250	amb	reason_flanking	94
Insertion::5:3,089,593-3,089,619;len=1	HG003_hs37d5_2x250	amb	reason_orientation_orientation	2
Insertion::5:3,089,593-3,089,619;len=1	HG003_hs37d5_2x250	alt	alnScore_mean	974.666666667
Insertion::5:3,089,593-3,089,619;len=1	HG003_hs37d5_2x250	alt	alnScore_std	23.3820919129
Insertion::5:3,089,593-3,089,619;len=1	HG003_hs37d5_2x250	ref	alnScore_mean	986.260869565
Insertion::5:3,089,593-3,089,619;len=1	HG003_hs37d5_2x250	ref	alnScore_std	21.3891833519
Insertion::5:3,089,593-3,089,619;len=1	HG003_hs37d5_2x250	amb	alnScore_mean	909.484615385
Insertion::5:3,089,593-3,089,619;len=1	HG003_hs37d5_2x250	amb	alnScore_std	126.478592571
Insertion::5:3,089,593-3,089,619;len=1	HG003_hs37d5_2x250	alt	insertSize_mean	427.0
Insertion::5:3,089,593-3,089,619;len=1	HG003_hs37d5_2x250	alt	insertSize_std	80.3056660517
Insertion::5:3,089,593-3,089,619;len=1	HG003_hs37d5_2x250	ref	insertSize_mean	424.869565217
Insertion::5:3,089,593-3,089,619;len=1	HG003_hs37d5_2x250	ref	insertSize_std	86.3618798494
Insertion::5:3,089,593-3,089,619;len=1	HG003_hs37d5_2x250	amb	insertSize_mean	413.792307692
Insertion::5:3,089,593-3,089,619;len=1	HG003_hs37d5_2x250	amb	insertSize_std	205.388850576
Insertion::5:3,089,593-3,089,619;len=1	HG004_hs37d5_2x250	alt	count	37
Insertion::5:3,089,593-3,089,619;len=1	HG004_hs37d5_2x250	ref	count	8
Insertion::5:3,089,593-3,089,619;len=1	HG004_hs37d5_2x250	amb	count	166
Insertion::5:3,089,593-3,089,619;len=1	HG004_hs37d5_2x250	alt	reason_alignmentScore	37
Insertion::5:3,089,593-3,089,619;len=1	HG004_hs37d5_2x250	ref	reason_alignmentScore	8
Insertion::5:3,089,593-3,089,619;len=1	HG004_hs37d5_2x250	amb	reason_multimapping	4
Insertion::5:3,089,593-3,089,619;len=1	HG004_hs37d5_2x250	amb	reason_alignmentScore_alignmentScore	31
Insertion::5:3,089,593-3,089,619;len=1	HG004_hs37d5_2x250	amb	reason_orientation_orientation	3
Insertion::5:3,089,593-3,089,619;len=1	HG004_hs37d5_2x250	amb	reason_flanking	126
Insertion::5:3,089,593-3,089,619;len=1	HG004_hs37d5_2x250	amb	reason_same_scores	2
Insertion::5:3,089,593-3,089,619;len=1	HG004_hs37d5_2x250	alt	alnScore_mean	975.540540541
Insertion::5:3,089,593-3,089,619;len=1	HG004_hs37d5_2x250	alt	alnScore_std	7.95458254666
Insertion::5:3,089,593-3,089,619;len=1	HG004_hs37d5_2x250	ref	alnScore_mean	976.0
Insertion::5:3,089,593-3,089,619;len=1	HG004_hs37d5_2x250	ref	alnScore_std	12.2065556157
Insertion::5:3,089,593-3,089,619;len=1	HG004_hs37d5_2x250	amb	alnScore_mean	901.554216867
Insertion::5:3,089,593-3,089,619;len=1	HG004_hs37d5_2x250	amb	alnScore_std	139.615500659
Insertion::5:3,089,593-3,089,619;len=1	HG004_hs37d5_2x250	alt	insertSize_mean	432.0
Insertion::5:3,089,593-3,089,619;len=1	HG004_hs37d5_2x250	alt	insertSize_std	83.8231729555
Insertion::5:3,089,593-3,089,619;len=1	HG004_hs37d5_2x250	ref	insertSize_mean	434.375
Insertion::5:3,089,593-3,089,619;len=1	HG004_hs37d5_2x250	ref	insertSize_std	64.9055804612
Insertion::5:3,089,593-3,089,619;len=1	HG004_hs37d5_2x250	amb	insertSize_mean	406.548192771
Insertion::5:3,089,593-3,089,619;len=1	HG004_hs37d5_2x250	amb	insertSize_std	175.5507189